Workbook

Sheet Category
A1: Category | B1: Item | C1: Planned Budget | D1: Actual Spend
A2: Venue | B2: Venue Rental | C2: 80000 | D2: 92000
A3: Venue | B3: Décor & Setup | C3: 25000 | D3: 22000
A4: F&B | B4: Catering | C4: 60000 | D4: 58000
A5: F&B | B5: Beverages | C5: 15000 | D5: 19000
A6: Vendor | B6: Sound & Lighting | C6: 30000 | D6: 35000
A7: Vendor | B7: Photography | C7: 20000 | D7: 20000
A8: Staffing | B8: Event Staff | C8: 18000 | D8: 24000
A9: Staffing | B9: Security | C9: 10000 | D9: 9000
A10: Marketing | B10: Digital Promotion | C10: 12000 | D10: 8000
A11: Marketing | B11: Print | C11: 5000 | D11: 5500

Sheet Event Budget
A1: Item | B1: Planned Budget | C1: Actual Spent | D1: Variance (Planned - Actual) | E1: Variance % | F1: Exception Level
A2: Venue Rental | B2: =SUMIF('Event Budget'!A2:A11,'Event Budget'!A2,Category!C2:C11) -> 80000 | C2: =SUMIF('Event Budget'!B2:B11,'Event Budget'!B2,Category!D2:D11) -> 92000 | D2: =B2-C2 -> -12000 | E2: =D2/B2 -> -0.15 | F2: {=_xlfn.IFS(E2:E11<-15%,"Badly Overspent",E2:E11<-8%,"Mildly Overspent",E2:E11>-8%,"On Track")} -> Mildly Overspent
A3: Décor & Setup | B3: =SUMIF('Event Budget'!A3:A12,'Event Budget'!A3,Category!C3:C12) -> 25000 | C3: =SUMIF('Event Budget'!B3:B12,'Event Budget'!B3,Category!D3:D12) -> 22000 | D3: =B3-C3 -> 3000 | E3: =D3/B3 -> 0.12 | F3: On Track
A4: Catering | B4: =SUMIF('Event Budget'!A4:A13,'Event Budget'!A4,Category!C4:C13) -> 60000 | C4: =SUMIF('Event Budget'!B4:B13,'Event Budget'!B4,Category!D4:D13) -> 58000 | D4: =B4-C4 -> 2000 | E4: =D4/B4 -> 0.033333333 | F4: On Track
A5: Beverages | B5: =SUMIF('Event Budget'!A5:A14,'Event Budget'!A5,Category!C5:C14) -> 15000 | C5: =SUMIF('Event Budget'!B5:B14,'Event Budget'!B5,Category!D5:D14) -> 19000 | D5: =B5-C5 -> -4000 | E5: =D5/B5 -> -0.26666667 | F5: Badly Overspent
A6: Sound & Lighting | B6: =SUMIF('Event Budget'!A6:A15,'Event Budget'!A6,Category!C6:C15) -> 30000 | C6: =SUMIF('Event Budget'!B6:B15,'Event Budget'!B6,Category!D6:D15) -> 35000 | D6: =B6-C6 -> -5000 | E6: =D6/B6 -> -0.16666667 | F6: Badly Overspent
A7: Photography | B7: =SUMIF('Event Budget'!A7:A16,'Event Budget'!A7,Category!C7:C16) -> 20000 | C7: =SUMIF('Event Budget'!B7:B16,'Event Budget'!B7,Category!D7:D16) -> 20000 | D7: =B7-C7 -> 0 | E7: =D7/B7 -> 0 | F7: On Track
A8: Event Staff | B8: =SUMIF('Event Budget'!A8:A17,'Event Budget'!A8,Category!C8:C17) -> 18000 | C8: =SUMIF('Event Budget'!B8:B17,'Event Budget'!B8,Category!D8:D17) -> 24000 | D8: =B8-C8 -> -6000 | E8: =D8/B8 -> -0.33333333 | F8: Badly Overspent
A9: Security | B9: =SUMIF('Event Budget'!A9:A18,'Event Budget'!A9,Category!C9:C18) -> 10000 | C9: =SUMIF('Event Budget'!B9:B18,'Event Budget'!B9,Category!D9:D18) -> 9000 | D9: =B9-C9 -> 1000 | E9: =D9/B9 -> 0.1 | F9: On Track
A10: Digital Promotion | B10: =SUMIF('Event Budget'!A10:A19,'Event Budget'!A10,Category!C10:C19) -> 12000 | C10: =SUMIF('Event Budget'!B10:B19,'Event Budget'!B10,Category!D10:D19) -> 8000 | D10: =B10-C10 -> 4000 | E10: =D10/B10 -> 0.33333333 | F10: On Track
A11: Print | B11: =SUMIF('Event Budget'!A11:A20,'Event Budget'!A11,Category!C11:C20) -> 5000 | C11: =SUMIF('Event Budget'!B11:B20,'Event Budget'!B11,Category!D11:D20) -> 5500 | D11: =B11-C11 -> -500 | E11: =D11/B11 -> -0.1 | F11: Mildly Overspent

Sheet Exception Report
A1: Item | B1: Planned Budget | C1: Actual Spent | D1: Variance | E1: Variance % | F1: Exception Level
A2: ='Event Budget'!A2 -> Venue Rental | B2: ='Event Budget'!B2 -> 80000 | C2: ='Event Budget'!C2 -> 92000 | D2: ='Event Budget'!D2 -> -12000 | E2: ='Event Budget'!E2 -> -0.15 | F2: ='Event Budget'!F2 -> Mildly Overspent
A3: ='Event Budget'!A3 -> Décor & Setup | B3: ='Event Budget'!B3 -> 25000 | C3: ='Event Budget'!C3 -> 22000 | D3: ='Event Budget'!D3 -> 3000 | E3: ='Event Budget'!E3 -> 0.12 | F3: ='Event Budget'!F3 -> On Track
A4: ='Event Budget'!A4 -> Catering | B4: ='Event Budget'!B4 -> 60000 | C4: ='Event Budget'!C4 -> 58000 | D4: ='Event Budget'!D4 -> 2000 | E4: ='Event Budget'!E4 -> 0.033333333 | F4: ='Event Budget'!F4 -> On Track
A5: ='Event Budget'!A5 -> Beverages | B5: ='Event Budget'!B5 -> 15000 | C5: ='Event Budget'!C5 -> 19000 | D5: ='Event Budget'!D5 -> -4000 | E5: ='Event Budget'!E5 -> -0.26666667 | F5: ='Event Budget'!F5 -> Badly Overspent
A6: ='Event Budget'!A6 -> Sound & Lighting | B6: ='Event Budget'!B6 -> 30000 | C6: ='Event Budget'!C6 -> 35000 | D6: ='Event Budget'!D6 -> -5000 | E6: ='Event Budget'!E6 -> -0.16666667 | F6: ='Event Budget'!F6 -> Badly Overspent
A7: ='Event Budget'!A7 -> Photography | B7: ='Event Budget'!B7 -> 20000 | C7: ='Event Budget'!C7 -> 20000 | D7: ='Event Budget'!D7 -> 0 | E7: ='Event Budget'!E7 -> 0 | F7: ='Event Budget'!F7 -> On Track
A8: ='Event Budget'!A8 -> Event Staff | B8: ='Event Budget'!B8 -> 18000 | C8: ='Event Budget'!C8 -> 24000 | D8: ='Event Budget'!D8 -> -6000 | E8: ='Event Budget'!E8 -> -0.33333333 | F8: ='Event Budget'!F8 -> Badly Overspent
A9: ='Event Budget'!A9 -> Security | B9: ='Event Budget'!B9 -> 10000 | C9: ='Event Budget'!C9 -> 9000 | D9: ='Event Budget'!D9 -> 1000 | E9: ='Event Budget'!E9 -> 0.1 | F9: ='Event Budget'!F9 -> On Track
A10: ='Event Budget'!A10 -> Digital Promotion | B10: ='Event Budget'!B10 -> 12000 | C10: ='Event Budget'!C10 -> 8000 | D10: ='Event Budget'!D10 -> 4000 | E10: ='Event Budget'!E10 -> 0.33333333 | F10: ='Event Budget'!F10 -> On Track
A11: ='Event Budget'!A11 -> Print | B11: ='Event Budget'!B11 -> 5000 | C11: ='Event Budget'!C11 -> 5500 | D11: ='Event Budget'!D11 -> -500 | E11: ='Event Budget'!E11 -> -0.1 | F11: ='Event Budget'!F11 -> Mildly Overspent

Sheet Dashboards
B4: =COUNTA('Exception Report'!A2:A11) -> 10 | D4: =COUNTIF('Exception Report'!F2:F11,"Badly Overspent") -> 3 | G4: =SUM('Exception Report'!D2:D11) -> -17500
B8: Items Needing Escalation | C8: Variance | D8: Variance %
B9: ='Exception Report'!A5 -> Beverages | C9: ='Exception Report'!D5 -> -4000 | D9: ='Exception Report'!E5 -> -0.26666667
B10: ='Exception Report'!A6 -> Sound & Lighting | C10: ='Exception Report'!D6 -> -5000 | D10: ='Exception Report'!E6 -> -0.16666667
B11: ='Exception Report'!A8 -> Event Staff | C11: ='Exception Report'!D8 -> -6000 | D11: ='Exception Report'!E8 -> -0.33333333
